Country Name,Country Code,Indicator Name,Indicator Code,1960,1961,1962,1963,1964,1965,1966,1967,1968,1969,1970,1971,1972,1973,1974,1975,1976,1977,1978,1979,1980,1981,1982,1983,1984,1985,1986,1987,1988,1989,1990,1991,1992,1993,1994,1995,1996,1997,1998,1999,2000,2001,2002,2003,2004,2005,2006,2007,2008,2009,2010,2011,2012,2013,2014,2015,2016,2017
Aruba,ABW,Tasa de incidencia de la pobreza. sobre la base de $1.90 por día (2011 PPA) (% de la población),SI.POV.DDAY,,,,,,,,,,,,,,,,,,,,,,,,,,,,,,,,,,,,,,,,,,,,,,,,,,,,,,,,,,
Afganistán,AFG,Tasa de incidencia de la pobreza. sobre la base de $1.90 por día (2011 PPA) (% de la población),SI.POV.DDAY,,,,,,,,,,,,,,,,,,,,,,,,,,,,,,,,,,,,,,,,,,,,,,,,,,,,,,,,,,
Angola,AGO,Tasa de incidencia de la pobreza. sobre la base de $1.90 por día (2011 PPA) (% de la población),SI.POV.DDAY,,,,,,,,,,,,,,,,,,,,,,,,,,,,,,,,,,,,,,,,,32.3,,,,,,,,30.1,,,,,,,,,
Albania,ALB,Tasa de incidencia de la pobreza. sobre la base de $1.90 por día (2011 PPA) (% de la población),SI.POV.DDAY,,,,,,,,,,,,,,,,,,,,,,,,,,,,,,,,,,,,,1.1,,,,,,2,,,1.1,,,0.4,,,,1.1,,,,,
Andorra,AND,Tasa de incidencia de la pobreza. sobre la base de $1.90 por día (2011 PPA) (% de la población),SI.POV.DDAY,,,,,,,,,,,,,,,,,,,,,,,,,,,,,,,,,,,,,,,,,,,,,,,,,,,,,,,,,,
El mundo árabe,ARB,Tasa de incidencia de la pobreza. sobre la base de $1.90 por día (2011 PPA) (% de la población),SI.POV.DDAY,,,,,,,,,,,,,,,,,,,,,,,,,,,,,,,,,,,,,,,,,,,,,,,,,,,,,,,,,,
Emiratos Árabes Unidos,ARE,Tasa de incidencia de la pobreza. sobre la base de $1.90 por día (2011 PPA) (% de la población),SI.POV.DDAY,,,,,,,,,,,,,,,,,,,,,,,,,,,,,,,,,,,,,,,,,,,,,,,,,,,,,,,,,,
Argentina,ARG,Tasa de incidencia de la pobreza. sobre la base de $1.90 por día (2011 PPA) (% de la población),SI.POV.DDAY,,,,,,,,,,,,,,,,,,,,,0.4,,,,,,0,0,,,,1.1,2.1,2.4,2.3,4.1,4.6,4.1,4.6,4.8,5.7,9.4,14,7,5.4,3.9,3.3,2.9,2.6,2.6,1.1,0.9,0.8,0.8,0.7,,0.6,
Armenia,ARM,Tasa de incidencia de la pobreza. sobre la base de $1.90 por día (2011 PPA) (% de la población),SI.POV.DDAY,,,,,,,,,,,,,,,,,,,,,,,,,,,,,,,,,,,,,,,,16.9,,19.3,15.1,11.4,7.9,4.4,3.2,2.8,1.4,1.9,1.9,2.2,1.6,2.2,2.3,1.9,1.8,
Samoa Americana,ASM,Tasa de incidencia de la pobreza. sobre la base de $1.90 por día (2011 PPA) (% de la población),SI.POV.DDAY,,,,,,,,,,,,,,,,,,,,,,,,,,,,,,,,,,,,,,,,,,,,,,,,,,,,,,,,,,
Antigua y Barbuda,ATG,Tasa de incidencia de la pobreza. sobre la base de $1.90 por día (2011 PPA) (% de la población),SI.POV.DDAY,,,,,,,,,,,,,,,,,,,,,,,,,,,,,,,,,,,,,,,,,,,,,,,,,,,,,,,,,,
Australia,AUS,Tasa de incidencia de la pobreza. sobre la base de $1.90 por día (2011 PPA) (% de la población),SI.POV.DDAY,,,,,,,,,,,,,,,,,,,,,,1,,,,1,,,,0.7,,,,,,0.7,,,,,,0.7,,1,,,,,0.5,,0.5,,,,,,,
Austria,AUT,Tasa de incidencia de la pobreza. sobre la base de $1.90 por día (2011 PPA) (% de la población),SI.POV.DDAY,,,,,,,,,,,,,,,,,,,,,,,,,,,,,,,,,,,,,,,,,,,,0.2,0,0.2,0,0.5,0.5,0.5,0.5,0.5,0.5,0.2,0.2,0.7,,
Azerbaiyán,AZE,Tasa de incidencia de la pobreza. sobre la base de $1.90 por día (2011 PPA) (% de la población),SI.POV.DDAY,,,,,,,,,,,,,,,,,,,,,,,,,,,,,,,,,,,,7.3,,,,,,2.7,0,0,0,0,,,,,,,,,,,,
Burundi,BDI,Tasa de incidencia de la pobreza. sobre la base de $1.90 por día (2011 PPA) (% de la población),SI.POV.DDAY,,,,,,,,,,,,,,,,,,,,,,,,,,,,,,,,,81.1,,,,,,84.1,,,,,,,,77.7,,,,,,,71.7,,,,
Bélgica,BEL,Tasa de incidencia de la pobreza. sobre la base de $1.90 por día (2011 PPA) (% de la población),SI.POV.DDAY,,,,,,,,,,,,,,,,,,,,,,,,,,,,,,,,,,,,,,,,,,,,0.2,0,0.2,0.2,0.2,0,0,0.2,0.2,0.2,0.2,0,0,,
Benin,BEN,Tasa de incidencia de la pobreza. sobre la base de $1.90 por día (2011 PPA) (% de la población),SI.POV.DDAY,,,,,,,,,,,,,,,,,,,,,,,,,,,,,,,,,,,,,,,,,,,,48.8,,,,,,,,53.1,,,,49.6,,
Burkina Faso,BFA,Tasa de incidencia de la pobreza. sobre la base de $1.90 por día (2011 PPA) (% de la población),SI.POV.DDAY,,,,,,,,,,,,,,,,,,,,,,,,,,,,,,,,,,,83.1,,,,81.6,,,,,57.3,,,,,,55.3,,,,,43.7,,,
Bangladesh,BGD,Tasa de incidencia de la pobreza. sobre la base de $1.90 por día (2011 PPA) (% de la población),SI.POV.DDAY,,,,,,,,,,,,,,,,,,,,,,,,29.9,,25.4,,,37.8,,,44.2,,,,35.7,,,,,34.8,,,,,25.7,,,,,19.6,,,,,,14.8,
Bulgaria,BGR,Tasa de incidencia de la pobreza. sobre la base de $1.90 por día (2011 PPA) (% de la población),SI.POV.DDAY,,,,,,,,,,,,,,,,,,,,,,,,,,,,,,,,,0,,,,,,,,,,,,,,5.5,1.7,1.2,1.2,2,2.2,2,1.7,1.5,,,
Bahrein,BHR,Tasa de incidencia de la pobreza. sobre la base de $1.90 por día (2011 PPA) (% de la población),SI.POV.DDAY,,,,,,,,,,,,,,,,,,,,,,,,,,,,,,,,,,,,,,,,,,,,,,,,,,,,,,,,,,
Bahamas,BHS,Tasa de incidencia de la pobreza. sobre la base de $1.90 por día (2011 PPA) (% de la población),SI.POV.DDAY,,,,,,,,,,,,,,,,,,,,,,,,,,,,,,,,,,,,,,,,,,,,,,,,,,,,,,,,,,
Bosnia y Herzegovina,BIH,Tasa de incidencia de la pobreza. sobre la base de $1.90 por día (2011 PPA) (% de la población),SI.POV.DDAY,,,,,,,,,,,,,,,,,,,,,,,,,,,,,,,,,,,,,,,,,,0.3,,,0.2,,,0.1,,,,0.1,,,,0.2,,
Belarús,BLR,Tasa de incidencia de la pobreza. sobre la base de $1.90 por día (2011 PPA) (% de la población),SI.POV.DDAY,,,,,,,,,,,,,,,,,,,,,,,,,,,,,,,,,,,,,,,11.5,10.4,7.1,3.2,2,1.4,0.3,0.4,0.1,0.1,0,0,0,0,0,0,0,0,0,
Belice,BLZ,Tasa de incidencia de la pobreza. sobre la base de $1.90 por día (2011 PPA) (% de la población),SI.POV.DDAY,,,,,,,,,,,,,,,,,,,,,,,,,,,,,,,,,,10.1,9.9,,13.3,16,15.1,14.9,,,,,,,,,,,,,,,,,,
Bermudas,BMU,Tasa de incidencia de la pobreza. sobre la base de $1.90 por día (2011 PPA) (% de la población),SI.POV.DDAY,,,,,,,,,,,,,,,,,,,,,,,,,,,,,,,,,,,,,,,,,,,,,,,,,,,,,,,,,,
Bolivia,BOL,Tasa de incidencia de la pobreza. sobre la base de $1.90 por día (2011 PPA) (% de la población),SI.POV.DDAY,,,,,,,,,,,,,,,,,,,,,,,,,,,,,,,7.1,,,,,,,19.3,,25.3,28.6,22.8,24.7,,13.7,19.3,16.4,12.4,11.1,10.5,,7.3,8.2,6.9,5.8,6.4,7.1,
Brasil,BRA,Tasa de incidencia de la pobreza. sobre la base de $1.90 por día (2011 PPA) (% de la población),SI.POV.DDAY,,,,,,,,,,,,,,,,,,,,,,21.4,21.8,27.7,26.9,23.1,10.5,17.8,20.1,18.3,21.6,,20.9,19.9,,13,14.2,14,12.7,13.4,,11.6,10.3,11.1,9.7,8.6,7.2,6.8,5.6,5.4,,4.7,3.8,3.8,2.8,3.4,,
Barbados,BRB,Tasa de incidencia de la pobreza. sobre la base de $1.90 por día (2011 PPA) (% de la población),SI.POV.DDAY,,,,,,,,,,,,,,,,,,,,,,,,,,,,,,,,,,,,,,,,,,,,,,,,,,,,,,,,,,
Brunei Darussalam,BRN,Tasa de incidencia de la pobreza. sobre la base de $1.90 por día (2011 PPA) (% de la población),SI.POV.DDAY,,,,,,,,,,,,,,,,,,,,,,,,,,,,,,,,,,,,,,,,,,,,,,,,,,,,,,,,,,
Bhután,BTN,Tasa de incidencia de la pobreza. sobre la base de $1.90 por día (2011 PPA) (% de la población),SI.POV.DDAY,,,,,,,,,,,,,,,,,,,,,,,,,,,,,,,,,,,,,,,,,,,,17.6,,,,8,,,,,2.2,,,,,1.5
Botswana,BWA,Tasa de incidencia de la pobreza. sobre la base de $1.90 por día (2011 PPA) (% de la población),SI.POV.DDAY,,,,,,,,,,,,,,,,,,,,,,,,,,42.6,,,,,,,,34.8,,,,,,,,,29.8,,,,,,,18.2,,,,,,,,
República Centroafricana,CAF,Tasa de incidencia de la pobreza. sobre la base de $1.90 por día (2011 PPA) (% de la población),SI.POV.DDAY,,,,,,,,,,,,,,,,,,,,,,,,,,,,,,,,,84.3,,,,,,,,,,,64.8,,,,,66.3,,,,,,,,,
Canadá,CAN,Tasa de incidencia de la pobreza. sobre la base de $1.90 por día (2011 PPA) (% de la población),SI.POV.DDAY,,,,,,,,,,,,,,,,,,,,,,0.5,,,,,,0.2,,,,0.2,,,0.2,,,0.5,0.5,,0.2,,,,0.2,,,0.2,,,0.2,,,0.5,,,,
Europa Central y del Báltico,CEB,Tasa de incidencia de la pobreza. sobre la base de $1.90 por día (2011 PPA) (% de la población),SI.POV.DDAY,,,,,,,,,,,,,,,,,,,,,,,,,,,,,,,,,,,,,,,,,,,,,,,,,,,,,,,,,,
Suiza,CHE,Tasa de incidencia de la pobreza. sobre la base de $1.90 por día (2011 PPA) (% de la población),SI.POV.DDAY,,,,,,,,,,,,,,,,,,,,,,,,,,,,,,,,,,,,,,,,,,,,,,,0,0,0,0,0,0,0,0,0,0,,
Islas del Canal,CHI,Tasa de incidencia de la pobreza. sobre la base de $1.90 por día (2011 PPA) (% de la población),SI.POV.DDAY,,,,,,,,,,,,,,,,,,,,,,,,,,,,,,,,,,,,,,,,,,,,,,,,,,,,,,,,,,
Chile,CHL,Tasa de incidencia de la pobreza. sobre la base de $1.90 por día (2011 PPA) (% de la población),SI.POV.DDAY,,,,,,,,,,,,,,,,,,,,,,,,,,,,11.7,,,8.1,,4.7,,5,,3.4,,3.5,,4.4,,,4.2,,,2.4,,,2.6,,1.6,,0.9,,1.3,,
China,CHN,Tasa de incidencia de la pobreza. sobre la base de $1.90 por día (2011 PPA) (% de la población),SI.POV.DDAY,,,,,,,,,,,,,,,,,,,,,,,,,,,,,,,66.6,,,57,,,42,,,40.5,,,31.9,,,18.7,,,14.7,,11.2,7.9,6.5,1.9,1.4,0.7,,
Côte d'Ivoire,CIV,Tasa de incidencia de la pobreza. sobre la base de $1.90 por día (2011 PPA) (% de la población),SI.POV.DDAY,,,,,,,,,,,,,,,,,,,,,,,,,,6.8,3.1,6.8,10.7,,,,22.4,,,19.6,,,25.8,,,,23.2,,,,,,29.1,,,,,,,28.2,,
Camerún,CMR,Tasa de incidencia de la pobreza. sobre la base de $1.90 por día (2011 PPA) (% de la población),SI.POV.DDAY,,,,,,,,,,,,,,,,,,,,,,,,,,,,,,,,,,,,,48.1,,,,,23.1,,,,,,29.3,,,,,,,23.8,,,
Congo. República Democrática del,COD,Tasa de incidencia de la pobreza. sobre la base de $1.90 por día (2011 PPA) (% de la población),SI.POV.DDAY,,,,,,,,,,,,,,,,,,,,,,,,,,,,,,,,,,,,,,,,,,,,,94.1,,,,,,,,77.1,,,,,
Congo. República del,COG,Tasa de incidencia de la pobreza. sobre la base de $1.90 por día (2011 PPA) (% de la población),SI.POV.DDAY,,,,,,,,,,,,,,,,,,,,,,,,,,,,,,,,,,,,,,,,,,,,,,51.6,,,,,,37,,,,,,
Colombia,COL,Tasa de incidencia de la pobreza. sobre la base de $1.90 por día (2011 PPA) (% de la población),SI.POV.DDAY,,,,,,,,,,,,,,,,,,,,,,,,,,,,,,,,,8.9,,,,16.5,,,20.1,16.4,19.7,14.3,12,10.9,9.7,,,10.4,9,7.8,6.4,6.3,5.7,5,4.5,4.5,
Comoras,COM,Tasa de incidencia de la pobreza. sobre la base de $1.90 por día (2011 PPA) (% de la población),SI.POV.DDAY,,,,,,,,,,,,,,,,,,,,,,,,,,,,,,,,,,,,,,,,,,,,,13.5,,,,,,,,,18.1,,,,
Cabo Verde,CPV,Tasa de incidencia de la pobreza. sobre la base de $1.90 por día (2011 PPA) (% de la población),SI.POV.DDAY,,,,,,,,,,,,,,,,,,,,,,,,,,,,,,,,,,,,,,,,,,16,,,,,,8.1,,,,,,,,,,
Costa Rica,CRI,Tasa de incidencia de la pobreza. sobre la base de $1.90 por día (2011 PPA) (% de la población),SI.POV.DDAY,,,,,,,,,,,,,,,,,,,,,,24.7,,,,,13.2,,,12,9.9,11.7,9.6,8,6.6,6.9,8,6.5,5.1,6.4,6.5,4.7,4.5,4.4,4.3,3.1,3.2,1.7,2.2,2.4,1.5,1.6,1.6,1.6,1.4,1.5,1.3,
Estados pequeos del Caribe,CSS,Tasa de incidencia de la pobreza. sobre la base de $1.90 por día (2011 PPA) (% de la población),SI.POV.DDAY,,,,,,,,,,,,,,,,,,,,,,,,,,,,,,,,,,,,,,,,,,,,,,,,,,,,,,,,,,
Cuba,CUB,Tasa de incidencia de la pobreza. sobre la base de $1.90 por día (2011 PPA) (% de la población),SI.POV.DDAY,,,,,,,,,,,,,,,,,,,,,,,,,,,,,,,,,,,,,,,,,,,,,,,,,,,,,,,,,,
Curacao,CUW,Tasa de incidencia de la pobreza. sobre la base de $1.90 por día (2011 PPA) (% de la población),SI.POV.DDAY,,,,,,,,,,,,,,,,,,,,,,,,,,,,,,,,,,,,,,,,,,,,,,,,,,,,,,,,,,
Islas Caimán,CYM,Tasa de incidencia de la pobreza. sobre la base de $1.90 por día (2011 PPA) (% de la población),SI.POV.DDAY,,,,,,,,,,,,,,,,,,,,,,,,,,,,,,,,,,,,,,,,,,,,,,,,,,,,,,,,,,
Chipre,CYP,Tasa de incidencia de la pobreza. sobre la base de $1.90 por día (2011 PPA) (% de la población),SI.POV.DDAY,,,,,,,,,,,,,,,,,,,,,,,,,,,,,,,,,,,,,,,,,,,,,0,0,0,0,0,0,0,0,0,0,0,0,,
República Checa,CZE,Tasa de incidencia de la pobreza. sobre la base de $1.90 por día (2011 PPA) (% de la población),SI.POV.DDAY,,,,,,,,,,,,,,,,,,,,,,,,,,,,,,,,,,0,,,0.2,,,,,,,,0,0,0,0,0,0,0,0,0,0,0,0,,
Alemania,DEU,Tasa de incidencia de la pobreza. sobre la base de $1.90 por día (2011 PPA) (% de la población),SI.POV.DDAY,,,,,,,,,,,,,,,,,,,,,,,,,,,,,,,,0,,,0.2,,,,,,0,0,,,0,,0,0,,,0,0,,0,,0,,
Djibouti,DJI,Tasa de incidencia de la pobreza. sobre la base de $1.90 por día (2011 PPA) (% de la población),SI.POV.DDAY,,,,,,,,,,,,,,,,,,,,,,,,,,,,,,,,,,,,,,,,,,,20.6,,,,,,,,,,18.3,22.5,,,,
Dominica,DMA,Tasa de incidencia de la pobreza. sobre la base de $1.90 por día (2011 PPA) (% de la población),SI.POV.DDAY,,,,,,,,,,,,,,,,,,,,,,,,,,,,,,,,,,,,,,,,,,,,,,,,,,,,,,,,,,
Dinamarca,DNK,Tasa de incidencia de la pobreza. sobre la base de $1.90 por día (2011 PPA) (% de la población),SI.POV.DDAY,,,,,,,,,,,,,,,,,,,,,,,,,,,,,,,,,,,,,,,,,,,,0.2,0.2,0.2,0.2,0,0.2,0.5,0,0,0,0.2,0.2,0.2,,
República Dominicana,DOM,Tasa de incidencia de la pobreza. sobre la base de $1.90 por día (2011 PPA) (% de la población),SI.POV.DDAY,,,,,,,,,,,,,,,,,,,,,,,,,,,5.2,,,13.4,,,5.3,,,,4.9,5.2,,,5.5,4,6,6.9,8.8,5.8,4.5,4.5,3.8,3.3,2.6,2.9,2.7,2.4,2.3,1.9,1.6,
Argelia,DZA,Tasa de incidencia de la pobreza. sobre la base de $1.90 por día (2011 PPA) (% de la población),SI.POV.DDAY,,,,,,,,,,,,,,,,,,,,,,,,,,,,,6.5,,,,,,,5.9,,,,,,,,,,,,,,,,0.5,,,,,,
Asia oriental y el Pacífico (excluido altos ingresos),EAP,Tasa de incidencia de la pobreza. sobre la base de $1.90 por día (2011 PPA) (% de la población),SI.POV.DDAY,,,,,,,,,,,,,,,,,,,,,,,,,,,,,,,,,,,,,,,,,,,,,,,,,,,,,,,,,,
inicial del dividendo demográfico,EAR,Tasa de incidencia de la pobreza. sobre la base de $1.90 por día (2011 PPA) (% de la población),SI.POV.DDAY,,,,,,,,,,,,,,,,,,,,,,,,,,,,,,,,,,,,,,,,,,,,,,,,,,,,,,,,,,
Asia oriental y el Pacífico,EAS,Tasa de incidencia de la pobreza. sobre la base de $1.90 por día (2011 PPA) (% de la población),SI.POV.DDAY,,,,,,,,,,,,,,,,,,,,,,80.8,,,70.5,,,59.5,,,61.6,,,54,,,41.1,,,38.8,,,29.9,,,19.1,,,15.1,,11.2,8.6,7.3,3.6,,2.3,,
Europa y Asia central (excluido altos ingresos),ECA,Tasa de incidencia de la pobreza. sobre la base de $1.90 por día (2011 PPA) (% de la población),SI.POV.DDAY,,,,,,,,,,,,,,,,,,,,,,,,,,,,,,,,,,,,,,,,,,,,,,,,,,,,,,,,,,
Europa y Asia central,ECS,Tasa de incidencia de la pobreza. sobre la base de $1.90 por día (2011 PPA) (% de la población),SI.POV.DDAY,,,,,,,,,,,,,,,,,,,,,,,,,,,,,,,,,,5,,,7.2,,,7.8,,,5.9,,,4.9,,,2.8,,2.4,2.1,1.9,1.6,,1.5,,
Ecuador,ECU,Tasa de incidencia de la pobreza. sobre la base de $1.90 por día (2011 PPA) (% de la población),SI.POV.DDAY,,,,,,,,,,,,,,,,,,,,,,,,,,,,17.6,,,,,,,17.1,,,,15.7,21.8,28.2,,,14.5,15,12.1,8.1,8.5,7.5,7.2,5.6,4.7,4.5,3.2,2.6,3.4,3.6,
Egipto. República Árabe de,EGY,Tasa de incidencia de la pobreza. sobre la base de $1.90 por día (2011 PPA) (% de la población),SI.POV.DDAY,,,,,,,,,,,,,,,,,,,,,,,,,,,,,,,7.4,,,,,4.6,,,,2,,,,,4.4,,,,3.9,,3,,2.3,,,1.3,,
Zona del Euro,EMU,Tasa de incidencia de la pobreza. sobre la base de $1.90 por día (2011 PPA) (% de la población),SI.POV.DDAY,,,,,,,,,,,,,,,,,,,,,,,,,,,,,,,,,,,,,,,,,,,,,,,,,,,,,,,,,,
Eritrea,ERI,Tasa de incidencia de la pobreza. sobre la base de $1.90 por día (2011 PPA) (% de la población),SI.POV.DDAY,,,,,,,,,,,,,,,,,,,,,,,,,,,,,,,,,,,,,,,,,,,,,,,,,,,,,,,,,,
España,ESP,Tasa de incidencia de la pobreza. sobre la base de $1.90 por día (2011 PPA) (% de la población),SI.POV.DDAY,,,,,,,,,,,,,,,,,,,,,,,,,,,,,,,,,,,,,,,,,,,,0.7,0.7,0.7,0.7,0.4,0.5,0.7,0.7,1.2,1,1.2,0.7,1,,
Estonia,EST,Tasa de incidencia de la pobreza. sobre la base de $1.90 por día (2011 PPA) (% de la población),SI.POV.DDAY,,,,,,,,,,,,,,,,,,,,,,,,,,,,,,,,,,1.3,,,,,,,,,,2.5,1,0.7,0.7,0.5,0.5,0.5,0.7,1,0.7,1,0.7,0.5,,
Etiopía,ETH,Tasa de incidencia de la pobreza. sobre la base de $1.90 por día (2011 PPA) (% de la población),SI.POV.DDAY,,,,,,,,,,,,,,,,,,,,,,,,,,,,,,,,,,,,67.1,,,,55.5,,,,,36.4,,,,,,33.6,,,,,26.7,,
Unión Europea,EUU,Tasa de incidencia de la pobreza. sobre la base de $1.90 por día (2011 PPA) (% de la población),SI.POV.DDAY,,,,,,,,,,,,,,,,,,,,,,,,,,,,,,,,,,,,,,,,,,,,,,,,,,,,,,,,,,
Frágiles y situaciones de conflicto afectados,FCS,Tasa de incidencia de la pobreza. sobre la base de $1.90 por día (2011 PPA) (% de la población),SI.POV.DDAY,,,,,,,,,,,,,,,,,,,,,,54.2,,,55.5,,,53.9,,,54.1,,,58.2,,,55.5,,,52.4,,,49.2,,,44.7,,,40,,37.1,36.7,35.3,34.4,,35.2,,
Finlandia,FIN,Tasa de incidencia de la pobreza. sobre la base de $1.90 por día (2011 PPA) (% de la población),SI.POV.DDAY,,,,,,,,,,,,,,,,,,,,,,,,,,,,,,,,,,,,,,,,,,,,0,0,0,0,0,0,0,0,0,0,0,0,0,,
Fiji,FJI,Tasa de incidencia de la pobreza. sobre la base de $1.90 por día (2011 PPA) (% de la población),SI.POV.DDAY,,,,,,,,,,,,,,,,,,,,,,,,,,,,,,,,,,,,,,,,,,,4.9,,,,,,3.5,,,,,1.4,,,,
Francia,FRA,Tasa de incidencia de la pobreza. sobre la base de $1.90 por día (2011 PPA) (% de la población),SI.POV.DDAY,,,,,,,,,,,,,,,,,,,,,,,,,,,,,,,,,,,,,,,,,,,,0,0,0,0,0,0,0,0,0,0,0,0,0,,
Islas Feroe,FRO,Tasa de incidencia de la pobreza. sobre la base de $1.90 por día (2011 PPA) (% de la población),SI.POV.DDAY,,,,,,,,,,,,,,,,,,,,,,,,,,,,,,,,,,,,,,,,,,,,,,,,,,,,,,,,,,
Micronesia (Estados Federados de),FSM,Tasa de incidencia de la pobreza. sobre la base de $1.90 por día (2011 PPA) (% de la población),SI.POV.DDAY,,,,,,,,,,,,,,,,,,,,,,,,,,,,,,,,,,,,,,,,,,,,,,8.5,,,,,,,,16,,,,
Gabón,GAB,Tasa de incidencia de la pobreza. sobre la base de $1.90 por día (2011 PPA) (% de la población),SI.POV.DDAY,,,,,,,,,,,,,,,,,,,,,,,,,,,,,,,,,,,,,,,,,,,,,,8,,,,,,,,,,,,3.4
Reino Unido,GBR,Tasa de incidencia de la pobreza. sobre la base de $1.90 por día (2011 PPA) (% de la población),SI.POV.DDAY,,,,,,,,,,,,,,,,,,,,,,,,,,,,,,,,,,,,,,,,,,,,,0.5,0.5,0.2,0.2,0.2,0.2,0.2,0.2,0.2,0.2,0.2,0.2,,
Georgia,GEO,Tasa de incidencia de la pobreza. sobre la base de $1.90 por día (2011 PPA) (% de la población),SI.POV.DDAY,,,,,,,,,,,,,,,,,,,,,,,,,,,,,,,,,,,,,6,17.6,15.7,19.9,21,20.9,11.5,11.6,11.3,12.1,11.6,13.3,12.4,10.4,13.3,11.6,9,6.9,5.3,4,4.2,
Ghana,GHA,Tasa de incidencia de la pobreza. sobre la base de $1.90 por día (2011 PPA) (% de la población),SI.POV.DDAY,,,,,,,,,,,,,,,,,,,,,,,,,,,,42.6,42.3,,,49.8,,,,,,,35.7,,,,,,,24.5,,,,,,,12,,,,,
Gibraltar,GIB,Tasa de incidencia de la pobreza. sobre la base de $1.90 por día (2011 PPA) (% de la población),SI.POV.DDAY,,,,,,,,,,,,,,,,,,,,,,,,,,,,,,,,,,,,,,,,,,,,,,,,,,,,,,,,,,
Guinea,GIN,Tasa de incidencia de la pobreza. sobre la base de $1.90 por día (2011 PPA) (% de la población),SI.POV.DDAY,,,,,,,,,,,,,,,,,,,,,,,,,,,,,,,,91.6,,,49.3,,,,,,,,62.2,,,,,59.7,,,,,35.3,,,,,
Gambia,GMB,Tasa de incidencia de la pobreza. sobre la base de $1.90 por día (2011 PPA) (% de la población),SI.POV.DDAY,,,,,,,,,,,,,,,,,,,,,,,,,,,,,,,,,,,,,,,70.5,,,,,45.3,,,,,,,25.1,,,,,10.1,,
Guinea-Bissau,GNB,Tasa de incidencia de la pobreza. sobre la base de $1.90 por día (2011 PPA) (% de la población),SI.POV.DDAY,,,,,,,,,,,,,,,,,,,,,,,,,,,,,,,,43,,64,,,,,,,,,53.9,,,,,,,,67.1,,,,,,,
Guinea Ecuatorial,GNQ,Tasa de incidencia de la pobreza. sobre la base de $1.90 por día (2011 PPA) (% de la población),SI.POV.DDAY,,,,,,,,,,,,,,,,,,,,,,,,,,,,,,,,,,,,,,,,,,,,,,,,,,,,,,,,,,
Grecia,GRC,Tasa de incidencia de la pobreza. sobre la base de $1.90 por día (2011 PPA) (% de la población),SI.POV.DDAY,,,,,,,,,,,,,,,,,,,,,,,,,,,,,,,,,,,,,,,,,,,,0.5,0.7,0.2,0.5,0.5,0.5,0.5,1,1.2,1.5,1,1.5,1.5,,
Granada,GRD,Tasa de incidencia de la pobreza. sobre la base de $1.90 por día (2011 PPA) (% de la población),SI.POV.DDAY,,,,,,,,,,,,,,,,,,,,,,,,,,,,,,,,,,,,,,,,,,,,,,,,,,,,,,,,,,
Groenlandia,GRL,Tasa de incidencia de la pobreza. sobre la base de $1.90 por día (2011 PPA) (% de la población),SI.POV.DDAY,,,,,,,,,,,,,,,,,,,,,,,,,,,,,,,,,,,,,,,,,,,,,,,,,,,,,,,,,,
Guatemala,GTM,Tasa de incidencia de la pobreza. sobre la base de $1.90 por día (2011 PPA) (% de la población),SI.POV.DDAY,,,,,,,,,,,,,,,,,,,,,,,,,,,48.6,,,36.1,,,,,,,,,13.4,,9.2,,,,,,11.1,,,,,,,,8.7,,,
Guam,GUM,Tasa de incidencia de la pobreza. sobre la base de $1.90 por día (2011 PPA) (% de la población),SI.POV.DDAY,,,,,,,,,,,,,,,,,,,,,,,,,,,,,,,,,,,,,,,,,,,,,,,,,,,,,,,,,,
Guyana,GUY,Tasa de incidencia de la pobreza. sobre la base de $1.90 por día (2011 PPA) (% de la población),SI.POV.DDAY,,,,,,,,,,,,,,,,,,,,,,,,,,,,,,,,,33.9,,,,,,14,,,,,,,,,,,,,,,,,,,
Ingreso alto,HIC,Tasa de incidencia de la pobreza. sobre la base de $1.90 por día (2011 PPA) (% de la población),SI.POV.DDAY,,,,,,,,,,,,,,,,,,,,,,0.7,,,0.7,,,0.7,,,0.6,,,0.7,,,0.8,,,0.7,,,1,,,0.7,,,0.6,,0.6,0.6,0.6,0.6,,0.7,,
Hong Kong. Región Administrativa Especial,HKG,Tasa de incidencia de la pobreza. sobre la base de $1.90 por día (2011 PPA) (% de la población),SI.POV.DDAY,,,,,,,,,,,,,,,,,,,,,,,,,,,,,,,,,,,,,,,,,,,,,,,,,,,,,,,,,,
Honduras,HND,Tasa de incidencia de la pobreza. sobre la base de $1.90 por día (2011 PPA) (% de la población),SI.POV.DDAY,,,,,,,,,,,,,,,,,,,,,,,,,,,,,,42.2,44.3,33.4,28.7,23.6,26.7,27.7,30.4,21.2,25.9,26.5,,20.6,23.4,28.1,27.2,26.5,22.5,17.2,16.5,13.8,15,17.1,19.6,17.3,15.9,16.2,16,
Países pobres muy endeudados (PPME),HPC,Tasa de incidencia de la pobreza. sobre la base de $1.90 por día (2011 PPA) (% de la población),SI.POV.DDAY,,,,,,,,,,,,,,,,,,,,,,,,,,,,,,,,,,,,,,,,,,,,,,,,,,,,,,,,,,
Croacia,HRV,Tasa de incidencia de la pobreza. sobre la base de $1.90 por día (2011 PPA) (% de la población),SI.POV.DDAY,,,,,,,,,,,,,,,,,,,,,,,,,,,,,0,,,,,,,,,,,,,,,,,,,,,1,1.2,0.7,0.7,0.7,1,0.7,,
Haití,HTI,Tasa de incidencia de la pobreza. sobre la base de $1.90 por día (2011 PPA) (% de la población),SI.POV.DDAY,,,,,,,,,,,,,,,,,,,,,,,,,,,,,,,,,,,,,,,,,,,,,,,,,,,,,23.5,,,,,
Hungría,HUN,Tasa de incidencia de la pobreza. sobre la base de $1.90 por día (2011 PPA) (% de la población),SI.POV.DDAY,,,,,,,,,,,,,,,,,,,,,,,,,,,,0.1,,0.1,,,,0.2,,,,,,,,,,,0.2,0.7,0.2,0,0,0,0,0,0.2,0.2,0.7,0.5,,
Sólo BIRF,IBD,Tasa de incidencia de la pobreza. sobre la base de $1.90 por día (2011 PPA) (% de la población),SI.POV.DDAY,,,,,,,,,,,,,,,,,,,,,,,,,,,,,,,,,,,,,,,,,,,,,,,,,,,,,,,,,,
BIRF y la AIF,IBT,Tasa de incidencia de la pobreza. sobre la base de $1.90 por día (2011 PPA) (% de la población),SI.POV.DDAY,,,,,,,,,,,,,,,,,,,,,,,,,,,,,,,,,,,,,,,,,,,,,,,,,,,,,,,,,,
total de la AIF,IDA,Tasa de incidencia de la pobreza. sobre la base de $1.90 por día (2011 PPA) (% de la población),SI.POV.DDAY,,,,,,,,,,,,,,,,,,,,,,51.9,,,52.6,,,53.3,,,53.6,,,54.1,,,50.4,,,50.3,,,49,,,41.6,,,37.6,,35.4,34.2,32.8,31.8,,30.8,,
mezcla de la AIF,IDB,Tasa de incidencia de la pobreza. sobre la base de $1.90 por día (2011 PPA) (% de la población),SI.POV.DDAY,,,,,,,,,,,,,,,,,,,,,,,,,,,,,,,,,,,,,,,,,,,,,,,,,,,,,,,,,,
Indonesia,IDN,Tasa de incidencia de la pobreza. sobre la base de $1.90 por día (2011 PPA) (% de la población),SI.POV.DDAY,,,,,,,,,,,,,,,,,,,,,,,,,71.4,,,71.4,,,58.8,,,58.5,,,47.4,,66.6,41.7,39.3,35.5,23,22.6,23.9,21.1,27.4,22.5,21.4,18.2,15.7,13.3,11.7,9.4,7.9,7.2,6.5,5.7
Sólo AIF,IDX,Tasa de incidencia de la pobreza. sobre la base de $1.90 por día (2011 PPA) (% de la población),SI.POV.DDAY,,,,,,,,,,,,,,,,,,,,,,,,,,,,,,,,,,,,,,,,,,,,,,,,,,,,,,,,,,
Isla de Man,IMN,Tasa de incidencia de la pobreza. sobre la base de $1.90 por día (2011 PPA) (% de la población),SI.POV.DDAY,,,,,,,,,,,,,,,,,,,,,,,,,,,,,,,,,,,,,,,,,,,,,,,,,,,,,,,,,,
India,IND,Tasa de incidencia de la pobreza. sobre la base de $1.90 por día (2011 PPA) (% de la población),SI.POV.DDAY,,,,,,,,,,,,,,,,,,61.6,,,,,,54.8,,,,48.9,,,,,,45.9,,,,,,,,,,,38.2,,,,,31.1,,21.2,,,,,,
No clasificado,INX,Tasa de incidencia de la pobreza. sobre la base de $1.90 por día (2011 PPA) (% de la población),SI.POV.DDAY,,,,,,,,,,,,,,,,,,,,,,,,,,,,,,,,,,,,,,,,,,,,,,,,,,,,,,,,,,
Irlanda,IRL,Tasa de incidencia de la pobreza. sobre la base de $1.90 por día (2011 PPA) (% de la población),SI.POV.DDAY,,,,,,,,,,,,,,,,,,,,,,,,,,,,,,,,,,,,,,,,,,,,0.2,0,0,0.1,0,0.2,0.5,0.5,0.5,0.2,0.7,0.5,0.2,,
Irán. República Islámica del,IRN,Tasa de incidencia de la pobreza. sobre la base de $1.90 por día (2011 PPA) (% de la población),SI.POV.DDAY,,,,,,,,,,,,,,,,,,,,,,,,,,,6.8,,,,5.6,,,,3.2,,,,2.6,,,,,,,0.4,0.4,,,1,,,,0.1,0.2,,,
Iraq,IRQ,Tasa de incidencia de la pobreza. sobre la base de $1.90 por día (2011 PPA) (% de la población),SI.POV.DDAY,,,,,,,,,,,,,,,,,,,,,,,,,,,,,,,,,,,,,,,,,,,,,,,2.1,,,,,,2.5,,,,,
Islandia,ISL,Tasa de incidencia de la pobreza. sobre la base de $1.90 por día (2011 PPA) (% de la población),SI.POV.DDAY,,,,,,,,,,,,,,,,,,,,,,,,,,,,,,,,,,,,,,,,,,,,0,0.2,0,0.2,0,0,0,0.2,0.2,0,0,0,,,
Israel,ISR,Tasa de incidencia de la pobreza. sobre la base de $1.90 por día (2011 PPA) (% de la población),SI.POV.DDAY,,,,,,,,,,,,,,,,,,,,0,,,,,,,0.2,,,,,,0.2,,,,,0.2,,,,0.2,,,,0.5,,0.5,,,0.2,,0.5,,,,,
Italia,ITA,Tasa de incidencia de la pobreza. sobre la base de $1.90 por día (2011 PPA) (% de la población),SI.POV.DDAY,,,,,,,,,,,,,,,,,,,,,,,,,,,,,,,,,,,,,,,,,,,,0.7,0.7,0.7,0.7,0.7,0.7,1,1.2,1.2,1.2,1.4,1.2,2,,
Jamaica,JAM,Tasa de incidencia de la pobreza. sobre la base de $1.90 por día (2011 PPA) (% de la población),SI.POV.DDAY,,,,,,,,,,,,,,,,,,,,,,,,,,,,,6.1,,4.6,,,9.8,,,3.4,,,2.6,,,2.8,,1.7,,,,,,,,,,,,,
Jordania,JOR,Tasa de incidencia de la pobreza. sobre la base de $1.90 por día (2011 PPA) (% de la población),SI.POV.DDAY,,,,,,,,,,,,,,,,,,,,,,,,,,,0,,,,,,2.6,,,,,1.4,,,,,0.9,,,,0.3,,0.1,,0.1,,,,,,,
Japón,JPN,Tasa de incidencia de la pobreza. sobre la base de $1.90 por día (2011 PPA) (% de la población),SI.POV.DDAY,,,,,,,,,,,,,,,,,,,,,,,,,,,,,,,,,,,,,,,,,,,,,,,,,0.2,,,,,,,,,
Kazajstán,KAZ,Tasa de incidencia de la pobreza. sobre la base de $1.90 por día (2011 PPA) (% de la población),SI.POV.DDAY,,,,,,,,,,,,,,,,,,,,,,,,,,,,,,,,,,,,,6.3,,,,,10.5,6.9,4.6,2.3,6.9,0.6,0.3,0.1,0.2,0.1,0,0,0,0,0,,
Kenya,KEN,Tasa de incidencia de la pobreza. sobre la base de $1.90 por día (2011 PPA) (% de la población),SI.POV.DDAY,,,,,,,,,,,,,,,,,,,,,,,,,,,,,,,,,31.4,,31.5,,,31.9,,,,,,,,43.7,,,,,,,,,,36.8,,
Kirguistán,KGZ,Tasa de incidencia de la pobreza. sobre la base de $1.90 por día (2011 PPA) (% de la población),SI.POV.DDAY,,,,,,,,,,,,,,,,,,,,,,,,,,,,,,,,,,,,,,,30.6,,42.2,36.4,34.2,28.1,13.6,15.4,9.9,9.9,4,2.1,4.1,1.8,2.9,3.3,1.3,2.5,1.4,
Camboya,KHM,Tasa de incidencia de la pobreza. sobre la base de $1.90 por día (2011 PPA) (% de la población),SI.POV.DDAY,,,,,,,,,,,,,,,,,,,,,,,,,,,,,,,,,,,,,,,,,,,,,,,,,,,,,,,,,,
Kiribati,KIR,Tasa de incidencia de la pobreza. sobre la base de $1.90 por día (2011 PPA) (% de la población),SI.POV.DDAY,,,,,,,,,,,,,,,,,,,,,,,,,,,,,,,,,,,,,,,,,,,,,,,12.9,,,,,,,,,,,
Saint Kitts y Nevis,KNA,Tasa de incidencia de la pobreza. sobre la base de $1.90 por día (2011 PPA) (% de la población),SI.POV.DDAY,,,,,,,,,,,,,,,,,,,,,,,,,,,,,,,,,,,,,,,,,,,,,,,,,,,,,,,,,,
Corea. República de,KOR,Tasa de incidencia de la pobreza. sobre la base de $1.90 por día (2011 PPA) (% de la población),SI.POV.DDAY,,,,,,,,,,,,,,,,,,,,,,,,,,,,,,,,,,,,,,,,,,,,,,,0.2,,0.2,,0.5,,0.2,,,,,
Kuwait,KWT,Tasa de incidencia de la pobreza. sobre la base de $1.90 por día (2011 PPA) (% de la población),SI.POV.DDAY,,,,,,,,,,,,,,,,,,,,,,,,,,,,,,,,,,,,,,,,,,,,,,,,,,,,,,,,,,
América Latina y el Caribe (excluido altos ingresos),LAC,Tasa de incidencia de la pobreza. sobre la base de $1.90 por día (2011 PPA) (% de la población),SI.POV.DDAY,,,,,,,,,,,,,,,,,,,,,,,,,,,,,,,,,,,,,,,,,,,,,,,,,,,,,,,,,,
República Democrática Popular Lao,LAO,Tasa de incidencia de la pobreza. sobre la base de $1.90 por día (2011 PPA) (% de la población),SI.POV.DDAY,,,,,,,,,,,,,,,,,,,,,,,,,,,,,,,,,32.2,,,,,52.4,,,,,33.8,,,,,27,,,,,22.7,,,,,
Líbano,LBN,Tasa de incidencia de la pobreza. sobre la base de $1.90 por día (2011 PPA) (% de la población),SI.POV.DDAY,,,,,,,,,,,,,,,,,,,,,,,,,,,,,,,,,,,,,,,,,,,,,,,,,,,,0,,,,,,
Liberia,LBR,Tasa de incidencia de la pobreza. sobre la base de $1.90 por día (2011 PPA) (% de la población),SI.POV.DDAY,,,,,,,,,,,,,,,,,,,,,,,,,,,,,,,,,,,,,,,,,,,,,,,,68.6,,,,,,,38.6,,,
Libia,LBY,Tasa de incidencia de la pobreza. sobre la base de $1.90 por día (2011 PPA) (% de la población),SI.POV.DDAY,,,,,,,,,,,,,,,,,,,,,,,,,,,,,,,,,,,,,,,,,,,,,,,,,,,,,,,,,,
Santa Lucía,LCA,Tasa de incidencia de la pobreza. sobre la base de $1.90 por día (2011 PPA) (% de la población),SI.POV.DDAY,,,,,,,,,,,,,,,,,,,,,,,,,,,,,,,,,,,,35.8,,,,,,,,,,,,,,,,,,,,,,
América Latina y el Caribe,LCN,Tasa de incidencia de la pobreza. sobre la base de $1.90 por día (2011 PPA) (% de la población),SI.POV.DDAY,,,,,,,,,,,,,,,,,,,,,,13,,,15.9,,,12.8,,,14.2,,,13.2,,,13.8,,,13.6,,,11.8,,,9.9,,,6.9,,6,5.6,4.7,4.6,,4.1,,
Países menos desarrollados: clasificación de las Naciones Unidas,LDC,Tasa de incidencia de la pobreza. sobre la base de $1.90 por día (2011 PPA) (% de la población),SI.POV.DDAY,,,,,,,,,,,,,,,,,,,,,,,,,,,,,,,,,,,,,,,,,,,,,,,,,,,,,,,,,,
Países de ingreso bajo,LIC,Tasa de incidencia de la pobreza. sobre la base de $1.90 por día (2011 PPA) (% de la población),SI.POV.DDAY,,,,,,,,,,,,,,,,,,,,,,59.4,,,59.6,,,58.6,,,60.6,,,65,,,63.8,,,62.1,,,59.3,,,54,,,50.4,,47.9,46.6,44.8,43.7,,43.9,,
Liechtenstein,LIE,Tasa de incidencia de la pobreza. sobre la base de $1.90 por día (2011 PPA) (% de la población),SI.POV.DDAY,,,,,,,,,,,,,,,,,,,,,,,,,,,,,,,,,,,,,,,,,,,,,,,,,,,,,,,,,,
Sri Lanka,LKA,Tasa de incidencia de la pobreza. sobre la base de $1.90 por día (2011 PPA) (% de la población),SI.POV.DDAY,,,,,,,,,,,,,,,,,,,,,,,,,,13.3,,,,,8.7,,,,,8.8,,,,,,,8.3,,,,3.8,,,2.4,,,1.9,,,,0.7,
Países de ingreso mediano bajo,LMC,Tasa de incidencia de la pobreza. sobre la base de $1.90 por día (2011 PPA) (% de la población),SI.POV.DDAY,,,,,,,,,,,,,,,,,,,,,,51.7,,,49.6,,,48.3,,,44.8,,,43.5,,,39.3,,,37.9,,,35.5,,,30.8,,,27.1,,23.1,19.8,18.4,16.7,,13.9,,
Ingreso mediano y bajo,LMY,Tasa de incidencia de la pobreza. sobre la base de $1.90 por día (2011 PPA) (% de la población),SI.POV.DDAY,,,,,,,,,,,,,,,,,,,,,,54.1,,,49.4,,,44.3,,,44.5,,,41.8,,,35.9,,,34.8,,,31,,,25,,,21.8,,18.9,16.4,15.3,13.3,,11.9,,
Lesotho,LSO,Tasa de incidencia de la pobreza. sobre la base de $1.90 por día (2011 PPA) (% de la población),SI.POV.DDAY,,,,,,,,,,,,,,,,,,,,,,,,,,,49.2,,,,,,,,50.1,,,,,,,,61.3,,,,,,,,59.6,,,,,,,
avanzada del dividendo demográfico,LTE,Tasa de incidencia de la pobreza. sobre la base de $1.90 por día (2011 PPA) (% de la población),SI.POV.DDAY,,,,,,,,,,,,,,,,,,,,,,,,,,,,,,,,,,,,,,,,,,,,,,,,,,,,,,,,,,
Lituania,LTU,Tasa de incidencia de la pobreza. sobre la base de $1.90 por día (2011 PPA) (% de la población),SI.POV.DDAY,,,,,,,,,,,,,,,,,,,,,,,,,,,,,,,,,,7,,,,,,,,,,,2.7,1.7,1.5,1.2,1.5,2.2,1.5,0.7,1,0.7,1.2,0.7,,
Luxemburgo,LUX,Tasa de incidencia de la pobreza. sobre la base de $1.90 por día (2011 PPA) (% de la población),SI.POV.DDAY,,,,,,,,,,,,,,,,,,,,,,,,,,,,,,,,,,,,,,,,,,,,0,0,0,0,0,0,0,0,0,0,0.1,0.2,0.2,,
Letonia,LVA,Tasa de incidencia de la pobreza. sobre la base de $1.90 por día (2011 PPA) (% de la población),SI.POV.DDAY,,,,,,,,,,,,,,,,,,,,,,,,,,,,,,,,,,0,,0,1.6,,,,,,,,2.5,2.2,1.5,0.5,1.2,1.7,1.7,1,1,1.2,0.7,0.7,,
Región Administrativa Especial de Macao. China,MAC,Tasa de incidencia de la pobreza. sobre la base de $1.90 por día (2011 PPA) (% de la población),SI.POV.DDAY,,,,,,,,,,,,,,,,,,,,,,,,,,,,,,,,,,,,,,,,,,,,,,,,,,,,,,,,,,
Isla de San Martín (parte francesa),MAF,Tasa de incidencia de la pobreza. sobre la base de $1.90 por día (2011 PPA) (% de la población),SI.POV.DDAY,,,,,,,,,,,,,,,,,,,,,,,,,,,,,,,,,,,,,,,,,,,,,,,,,,,,,,,,,,
Marruecos,MAR,Tasa de incidencia de la pobreza. sobre la base de $1.90 por día (2011 PPA) (% de la población),SI.POV.DDAY,,,,,,,,,,,,,,,,,,,,,,,,,11.1,,,,,,2.9,,,,,,,,7.5,,6.3,,,,,,3.1,,,,,,,1,,,,
Mónaco,MCO,Tasa de incidencia de la pobreza. sobre la base de $1.90 por día (2011 PPA) (% de la población),SI.POV.DDAY,,,,,,,,,,,,,,,,,,,,,,,,,,,,,,,,,,,,,,,,,,,,,,,,,,,,,,,,,,
República de Moldova,MDA,Tasa de incidencia de la pobreza. sobre la base de $1.90 por día (2011 PPA) (% de la población),SI.POV.DDAY,,,,,,,,,,,,,,,,,,,,,,,,,,,,,,,,,,,,,,16.1,27.6,39.1,35.9,27.6,16.6,7.6,8.7,14,2.4,1.1,1.3,1,0.5,0.3,0.3,0.1,0,0,0.2,
Madagascar,MDG,Tasa de incidencia de la pobreza. sobre la base de $1.90 por día (2011 PPA) (% de la población),SI.POV.DDAY,,,,,,,,,,,,,,,,,,,,,44.9,,,,,,,,,,,,,68.9,,,,65.4,,63.9,,68.7,,,,72,,,,,78.5,,77.6,,,,,
Maldivas,MDV,Tasa de incidencia de la pobreza. sobre la base de $1.90 por día (2011 PPA) (% de la población),SI.POV.DDAY,,,,,,,,,,,,,,,,,,,,,,,,,,,,,,,,,,,,,,,,,,,10,,,,,,,7.3,,,,,,,,
Oriente Medio y Norte de África,MEA,Tasa de incidencia de la pobreza. sobre la base de $1.90 por día (2011 PPA) (% de la población),SI.POV.DDAY,,,,,,,,,,,,,,,,,,,,,,,,,9.7,,,9,,,6.2,,,6.7,,,5.8,,,3.8,,,3.2,,,3,,,2.7,,2.3,2.7,2.7,2.6,,5,,
México,MEX,Tasa de incidencia de la pobreza. sobre la base de $1.90 por día (2011 PPA) (% de la población),SI.POV.DDAY,,,,,,,,,,,,,,,,,,,,,,,,,8.1,,,,,,,,7.7,,6.6,,11.2,,11.2,,8.9,,6.6,,5.2,6.2,3.4,,4.1,,4.2,,3.4,,4.1,,2.5,
Islas Marshall,MHL,Tasa de incidencia de la pobreza. sobre la base de $1.90 por día (2011 PPA) (% de la población),SI.POV.DDAY,,,,,,,,,,,,,,,,,,,,,,,,,,,,,,,,,,,,,,,,,,,,,,,,,,,,,,,,,,
 Ingreso mediano,MIC,Tasa de incidencia de la pobreza. sobre la base de $1.90 por día (2011 PPA) (% de la población),SI.POV.DDAY,,,,,,,,,,,,,,,,,,,,,,,,,,,,,,,,,,,,,,,,,,,,,,,,,,,,,,,,,,
Ex República Yugoslava de Macedonia,MKD,Tasa de incidencia de la pobreza. sobre la base de $1.90 por día (2011 PPA) (% de la población),SI.POV.DDAY,,,,,,,,,,,,,,,,,,,,,,,,,,,,,,,,,,,,,,,,,,,,,,,,,,9.7,10,10.1,7,6,5,,,
Malí,MLI,Tasa de incidencia de la pobreza. sobre la base de $1.90 por día (2011 PPA) (% de la población),SI.POV.DDAY,,,,,,,,,,,,,,,,,,,,,,,,,,,,,,,,,,,85.1,,,,,,,58.5,,,,,51.3,,,49.7,,,,,,,,
Malta,MLT,Tasa de incidencia de la pobreza. sobre la base de $1.90 por día (2011 PPA) (% de la población),SI.POV.DDAY,,,,,,,,,,,,,,,,,,,,,,,,,,,,,,,,,,,,,,,,,,,,,,,0.5,0.5,0.2,0.5,0.2,0.2,0.2,0,0,0,,
Myanmar,MMR,Tasa de incidencia de la pobreza. sobre la base de $1.90 por día (2011 PPA) (% de la población),SI.POV.DDAY,,,,,,,,,,,,,,,,,,,,,,,,,,,,,,,,,,,,,,,,,,,,,,,,,,,,,,,,6.4,,
Oriente Medio y Norte de África (excluido altos ingresos),MNA,Tasa de incidencia de la pobreza. sobre la base de $1.90 por día (2011 PPA) (% de la población),SI.POV.DDAY,,,,,,,,,,,,,,,,,,,,,,,,,,,,,,,,,,,,,,,,,,,,,,,,,,,,,,,,,,
Montenegro,MNE,Tasa de incidencia de la pobreza. sobre la base de $1.90 por día (2011 PPA) (% de la población),SI.POV.DDAY,,,,,,,,,,,,,,,,,,,,,,,,,,,,,,,,,,,,,,,,,,,,,,0.2,0.1,0.4,0.2,0,0,0.2,1.3,1,0,,,
Mongolia,MNG,Tasa de incidencia de la pobreza. sobre la base de $1.90 por día (2011 PPA) (% de la población),SI.POV.DDAY,,,,,,,,,,,,,,,,,,,,,,,,,,,,,,,,,,,,13.9,,,26.9,,,,10.6,,,,,1.3,,,0.8,0.6,0.4,,0.2,,0.5,
Mariana,MNP,Tasa de incidencia de la pobreza. sobre la base de $1.90 por día (2011 PPA) (% de la población),SI.POV.DDAY,,,,,,,,,,,,,,,,,,,,,,,,,,,,,,,,,,,,,,,,,,,,,,,,,,,,,,,,,,
Mozambique,MOZ,Tasa de incidencia de la pobreza. sobre la base de $1.90 por día (2011 PPA) (% de la población),SI.POV.DDAY,,,,,,,,,,,,,,,,,,,,,,,,,,,,,,,,,,,,,81.6,,,,,,79.3,,,,,,68.7,,,,,,62.9,,,
Mauritania,MRT,Tasa de incidencia de la pobreza. sobre la base de $1.90 por día (2011 PPA) (% de la población),SI.POV.DDAY,,,,,,,,,,,,,,,,,,,,,,,,,,,,40.1,,,,,,41.2,,20.6,,,,,19.6,,,,14.4,,,,10.8,,,,,,6,,,
Mauricio,MUS,Tasa de incidencia de la pobreza. sobre la base de $1.90 por día (2011 PPA) (% de la población),SI.POV.DDAY,,,,,,,,,,,,,,,,,,,,,,,,,,,,,,,,,,,,,,,,,,,,,,,0.4,,,,,,0.5,,,,,
Malawi,MWI,Tasa de incidencia de la pobreza. sobre la base de $1.90 por día (2011 PPA) (% de la población),SI.POV.DDAY,,,,,,,,,,,,,,,,,,,,,,,,,,,,,,,,,,,,,,62.8,,,,,,,72.8,,,,,,71.4,,,,,,,
Malasia,MYS,Tasa de incidencia de la pobreza. sobre la base de $1.90 por día (2011 PPA) (% de la población),SI.POV.DDAY,,,,,,,,,,,,,,,,,,,,,,,,,2.9,,,2.1,,1.6,,,1.3,,,1.8,,0.4,,,,,,,0.4,,,0.5,0.5,,,0.1,,0,,0,,
América del Norte,NAC,Tasa de incidencia de la pobreza. sobre la base de $1.90 por día (2011 PPA) (% de la población),SI.POV.DDAY,,,,,,,,,,,,,,,,,,,,,,,,,,,,,,,,,,,,,,,,,,,,,,,,,,,,,,,,,,
Namibia,NAM,Tasa de incidencia de la pobreza. sobre la base de $1.90 por día (2011 PPA) (% de la población),SI.POV.DDAY,,,,,,,,,,,,,,,,,,,,,,,,,,,,,,,,,,,,,,,,,,,,31.5,,,,,,22.6,,,,,,13.4,,
Nueva Caledonia,NCL,Tasa de incidencia de la pobreza. sobre la base de $1.90 por día (2011 PPA) (% de la población),SI.POV.DDAY,,,,,,,,,,,,,,,,,,,,,,,,,,,,,,,,,,,,,,,,,,,,,,,,,,,,,,,,,,
Níger,NER,Tasa de incidencia de la pobreza. sobre la base de $1.90 por día (2011 PPA) (% de la población),SI.POV.DDAY,,,,,,,,,,,,,,,,,,,,,,,,,,,,,,,,,78.2,,81.4,,,,,,,,,,,74.9,,72,,,,50.3,,,44.5,,,
Nigeria,NGA,Tasa de incidencia de la pobreza. sobre la base de $1.90 por día (2011 PPA) (% de la población),SI.POV.DDAY,,,,,,,,,,,,,,,,,,,,,,,,,,53.3,,,,,,,57.1,,,,63.5,,,,,,,53.5,,,,,,53.5,,,,,,,,
Nicaragua,NIC,Tasa de incidencia de la pobreza. sobre la base de $1.90 por día (2011 PPA) (% de la población),SI.POV.DDAY,,,,,,,,,,,,,,,,,,,,,,,,,,,,,,,,,,36.3,,,,,24.2,,,16.5,,,,8.3,,,,7.3,,,,,3.2,,,
Países Bajos,NLD,Tasa de incidencia de la pobreza. sobre la base de $1.90 por día (2011 PPA) (% de la población),SI.POV.DDAY,,,,,,,,,,,,,,,,,,,,,,,,,,,,,,,,,,,,,,,,,,,,,0.2,0,0,0,0,0.2,0,0,0,0,0,0,,
Noruega,NOR,Tasa de incidencia de la pobreza. sobre la base de $1.90 por día (2011 PPA) (% de la población),SI.POV.DDAY,,,,,,,,,,,,,,,,,,,,,,,,,,,,,,,,,,,,,,,,,,,,0.2,0.2,0.2,0.2,0.2,0.2,0,0,0,0,0,0,0.2,,
Nepal,NPL,Tasa de incidencia de la pobreza. sobre la base de $1.90 por día (2011 PPA) (% de la población),SI.POV.DDAY,,,,,,,,,,,,,,,,,,,,,,,,,,,,,,,,,,,,61.9,,,,,,,,46.1,,,,,,,15,,,,,,,
Nauru,NRU,Tasa de incidencia de la pobreza. sobre la base de $1.90 por día (2011 PPA) (% de la población),SI.POV.DDAY,,,,,,,,,,,,,,,,,,,,,,,,,,,,,,,,,,,,,,,,,,,,,,,,,,,,,,,,,,
Nueva Zelandia,NZL,Tasa de incidencia de la pobreza. sobre la base de $1.90 por día (2011 PPA) (% de la población),SI.POV.DDAY,,,,,,,,,,,,,,,,,,,,,,,,,,,,,,,,,,,,,,,,,,,,,,,,,,,,,,,,,,
Miembros OCDE,OED,Tasa de incidencia de la pobreza. sobre la base de $1.90 por día (2011 PPA) (% de la población),SI.POV.DDAY,,,,,,,,,,,,,,,,,,,,,,,,,,,,,,,,,,,,,,,,,,,,,,,,,,,,,,,,,,
Omán,OMN,Tasa de incidencia de la pobreza. sobre la base de $1.90 por día (2011 PPA) (% de la población),SI.POV.DDAY,,,,,,,,,,,,,,,,,,,,,,,,,,,,,,,,,,,,,,,,,,,,,,,,,,,,,,,,,,
Otros Estados pequeos,OSS,Tasa de incidencia de la pobreza. sobre la base de $1.90 por día (2011 PPA) (% de la población),SI.POV.DDAY,,,,,,,,,,,,,,,,,,,,,,,,,,,,,,,,,,,,,,,,,,,,,,,,,,,,,,,,,,
Pakistán,PAK,Tasa de incidencia de la pobreza. sobre la base de $1.90 por día (2011 PPA) (% de la población),SI.POV.DDAY,,,,,,,,,,,,,,,,,,,,,,,,,,,,62.2,,,58.9,,,,,,15.9,,23.4,,,28.6,,,18,16.5,,13.2,,,8.3,7.9,,6.1,,4,,
Panamá,PAN,Tasa de incidencia de la pobreza. sobre la base de $1.90 por día (2011 PPA) (% de la población),SI.POV.DDAY,,,,,,,,,,,,,,,,,,,,8.1,,,,,,,,,,23.9,,21.9,,,,16.3,,15,15.2,13.4,12.4,15.5,11.2,11.2,10.2,10,10.5,7.8,7,3.2,4.5,3,4.2,2.8,3.5,2,2.2,
Perú,PER,Tasa de incidencia de la pobreza. sobre la base de $1.90 por día (2011 PPA) (% de la población),SI.POV.DDAY,,,,,,,,,,,,,,,,,,,,,,,,,,,,,,,,,,,,,,17.9,16.7,17.6,16.4,17.1,15.1,11.9,13.6,15.5,13.5,11.1,8.9,7,5.5,5.2,4.7,4.3,3.7,3.6,3.5,
Filipinas,PHL,Tasa de incidencia de la pobreza. sobre la base de $1.90 por día (2011 PPA) (% de la población),SI.POV.DDAY,,,,,,,,,,,,,,,,,,,,,,,,,,,,,,,,,,,,,,,,,,,,,,,,,,,,,,,,,,
Palau,PLW,Tasa de incidencia de la pobreza. sobre la base de $1.90 por día (2011 PPA) (% de la población),SI.POV.DDAY,,,,,,,,,,,,,,,,,,,,,,,,,,,,,,,,,,,,,,,,,,,,,,,,,,,,,,,,,,
Papua Nueva Guinea,PNG,Tasa de incidencia de la pobreza. sobre la base de $1.90 por día (2011 PPA) (% de la población),SI.POV.DDAY,,,,,,,,,,,,,,,,,,,,,,,,,,,,,,,,,,,,,53.2,,,,,,,,,,,,,38,,,,,,,,
Polonia,POL,Tasa de incidencia de la pobreza. sobre la base de $1.90 por día (2011 PPA) (% de la población),SI.POV.DDAY,,,,,,,,,,,,,,,,,,,,,,,,,,,,,,,,,,,,,,,,,,,,,,,,,,,,,,,,,,
previa al dividendo demográfico,PRE,Tasa de incidencia de la pobreza. sobre la base de $1.90 por día (2011 PPA) (% de la población),SI.POV.DDAY,,,,,,,,,,,,,,,,,,,,,,,,,,,,,,,,,,,,,,,,,,,,,,,,,,,,,,,,,,
Puerto Rico,PRI,Tasa de incidencia de la pobreza. sobre la base de $1.90 por día (2011 PPA) (% de la población),SI.POV.DDAY,,,,,,,,,,,,,,,,,,,,,,,,,,,,,,,,,,,,,,,,,,,,,,,,,,,,,,,,,,
Corea. República Popular Democrática de,PRK,Tasa de incidencia de la pobreza. sobre la base de $1.90 por día (2011 PPA) (% de la población),SI.POV.DDAY,,,,,,,,,,,,,,,,,,,,,,,,,,,,,,,,,,,,,,,,,,,,,,,,,,,,,,,,,,
Portugal,PRT,Tasa de incidencia de la pobreza. sobre la base de $1.90 por día (2011 PPA) (% de la población),SI.POV.DDAY,,,,,,,,,,,,,,,,,,,,,,,,,,,,,,,,,,,,,,,,,,,,1,0.5,0.5,0,0.2,0.2,0.2,0.2,0.5,0.7,0.7,0.5,0.5,,
Paraguay,PRY,Tasa de incidencia de la pobreza. sobre la base de $1.90 por día (2011 PPA) (% de la población),SI.POV.DDAY,,,,,,,,,,,,,,,,,,,,,,,,,,,,,,,1.2,,,,,12.4,,10.6,,10.2,,8.9,13.2,8.3,5.7,6.1,7.9,7.8,4.3,5.8,5.5,5,3.3,1.8,2.4,1.9,1.7,
Ribera Occidental y Gaza,PSE,Tasa de incidencia de la pobreza. sobre la base de $1.90 por día (2011 PPA) (% de la población),SI.POV.DDAY,,,,,,,,,,,,,,,,,,,,,,,,,,,,,,,,,,,,,,,,,,,,,1.1,0.9,0.3,1.5,,0.3,0.2,0.2,,,,,1,
Estados pequeos de las Islas del Pacfico,PSS,Tasa de incidencia de la pobreza. sobre la base de $1.90 por día (2011 PPA) (% de la población),SI.POV.DDAY,,,,,,,,,,,,,,,,,,,,,,,,,,,,,,,,,,,,,,,,,,,,,,,,,,,,,,,,,,
posterior al dividendo demográfico,PST,Tasa de incidencia de la pobreza. sobre la base de $1.90 por día (2011 PPA) (% de la población),SI.POV.DDAY,,,,,,,,,,,,,,,,,,,,,,,,,,,,,,,,,,,,,,,,,,,,,,,,,,,,,,,,,,
Polinesia Francesa,PYF,Tasa de incidencia de la pobreza. sobre la base de $1.90 por día (2011 PPA) (% de la población),SI.POV.DDAY,,,,,,,,,,,,,,,,,,,,,,,,,,,,,,,,,,,,,,,,,,,,,,,,,,,,,,,,,,
Qatar,QAT,Tasa de incidencia de la pobreza. sobre la base de $1.90 por día (2011 PPA) (% de la población),SI.POV.DDAY,,,,,,,,,,,,,,,,,,,,,,,,,,,,,,,,,,,,,,,,,,,,,,,,,,,,,,,,,,
Rumania,ROU,Tasa de incidencia de la pobreza. sobre la base de $1.90 por día (2011 PPA) (% de la población),SI.POV.DDAY,,,,,,,,,,,,,,,,,,,,,,,,,,,,,,0.3,,,0.6,,10.7,,,,,,,,,,,,8,5.7,4.5,3.5,4.5,5.7,6.7,7.2,7.5,5.7,,
Federación de Rusia,RUS,Tasa de incidencia de la pobreza. sobre la base de $1.90 por día (2011 PPA) (% de la población),SI.POV.DDAY,,,,,,,,,,,,,,,,,,,,,,,,,,,,,,,,,,2.4,,,3.6,1.1,1.7,3.4,2.2,1.3,0.7,0.8,0.7,0.5,0.3,0.1,0.1,0,0.1,0,0,0,0,0,,
Rwanda,RWA,Tasa de incidencia de la pobreza. sobre la base de $1.90 por día (2011 PPA) (% de la población),SI.POV.DDAY,,,,,,,,,,,,,,,,,,,,,,,,,60.8,,,,,,,,,,,,,,,,76.5,,,,,67.2,,,,,62.4,,,56,,,,
Asia meridional,SAS,Tasa de incidencia de la pobreza. sobre la base de $1.90 por día (2011 PPA) (% de la población),SI.POV.DDAY,,,,,,,,,,,,,,,,,,,,,,55.6,,,52.8,,,50.1,,,47.3,,,44.9,,,40.3,,,,,,38.6,,,33.7,,,29.5,,24.6,19.8,18.2,16.2,,,,
Arabia Saudita,SAU,Tasa de incidencia de la pobreza. sobre la base de $1.90 por día (2011 PPA) (% de la población),SI.POV.DDAY,,,,,,,,,,,,,,,,,,,,,,,,,,,,,,,,,,,,,,,,,,,,,,,,,,,,,,,,,,
Sudán,SDN,Tasa de incidencia de la pobreza. sobre la base de $1.90 por día (2011 PPA) (% de la población),SI.POV.DDAY,,,,,,,,,,,,,,,,,,,,,,,,,,,,,,,,,,,,,,,,,,,,,,,,,,14.9,,,,,,,,
Senegal,SEN,Tasa de incidencia de la pobreza. sobre la base de $1.90 por día (2011 PPA) (% de la población),SI.POV.DDAY,,,,,,,,,,,,,,,,,,,,,,,,,,,,,,,,68.4,,,57.5,,,,,,,49.2,,,,38.4,,,,,,38,,,,,,
Singapur,SGP,Tasa de incidencia de la pobreza. sobre la base de $1.90 por día (2011 PPA) (% de la población),SI.POV.DDAY,,,,,,,,,,,,,,,,,,,,,,,,,,,,,,,,,,,,,,,,,,,,,,,,,,,,,,,,,,
Islas Salomón,SLB,Tasa de incidencia de la pobreza. sobre la base de $1.90 por día (2011 PPA) (% de la población),SI.POV.DDAY,,,,,,,,,,,,,,,,,,,,,,,,,,,,,,,,,,,,,,,,,,,,,,45.6,,,,,,,,25.1,,,,
Sierra Leona,SLE,Tasa de incidencia de la pobreza. sobre la base de $1.90 por día (2011 PPA) (% de la población),SI.POV.DDAY,,,,,,,,,,,,,,,,,,,,,,,,,,,,,,67.1,,,,,,,,,,,,,,61.3,,,,,,,,52.2,,,,,,
El Salvador,SLV,Tasa de incidencia de la pobreza. sobre la base de $1.90 por día (2011 PPA) (% de la población),SI.POV.DDAY,,,,,,,,,,,,,,,,,,,,,,,,,,,,,,18,,20.7,,,,12.5,14.1,,20,16.3,12.2,13.5,14,14.8,10.9,10.4,6.9,4.5,6.7,6.4,5.5,4.5,4.1,3.2,3,1.9,2.2,
San Marino,SMR,Tasa de incidencia de la pobreza. sobre la base de $1.90 por día (2011 PPA) (% de la población),SI.POV.DDAY,,,,,,,,,,,,,,,,,,,,,,,,,,,,,,,,,,,,,,,,,,,,,,,,,,,,,,,,,,
Somalia,SOM,Tasa de incidencia de la pobreza. sobre la base de $1.90 por día (2011 PPA) (% de la población),SI.POV.DDAY,,,,,,,,,,,,,,,,,,,,,,,,,,,,,,,,,,,,,,,,,,,,,,,,,,,,,,,,,,
Serbia,SRB,Tasa de incidencia de la pobreza. sobre la base de $1.90 por día (2011 PPA) (% de la población),SI.POV.DDAY,,,,,,,,,,,,,,,,,,,,,,,,,,,,,,,,,,,,,,,,,,,,,,,,,,,,,,,,,,
África al sur del Sahara (excluido altos ingresos),SSA,Tasa de incidencia de la pobreza. sobre la base de $1.90 por día (2011 PPA) (% de la población),SI.POV.DDAY,,,,,,,,,,,,,,,,,,,,,,,,,,,,,,,,,,,,,,,,,,,,,,,,,,,,,,,,,,
Sudán del Sur,SSD,Tasa de incidencia de la pobreza. sobre la base de $1.90 por día (2011 PPA) (% de la población),SI.POV.DDAY,,,,,,,,,,,,,,,,,,,,,,,,,,,,,,,,,,,,,,,,,,,,,,,,,,42.7,,,,,,,,
África al sur del Sahara,SSF,Tasa de incidencia de la pobreza. sobre la base de $1.90 por día (2011 PPA) (% de la población),SI.POV.DDAY,,,,,,,,,,,,,,,,,,,,,,,,,,,,,,,54.3,,,58.9,,,58.2,,,57.7,,,56.4,,,50.7,,,47.8,,46.6,45.1,43.8,42.5,,41.1,,
Pequeños Estados,SST,Tasa de incidencia de la pobreza. sobre la base de $1.90 por día (2011 PPA) (% de la población),SI.POV.DDAY,,,,,,,,,,,,,,,,,,,,,,,,,,,,,,,,,,,,,,,,,,,,,,,,,,,,,,,,,,
Santo Tomé y Príncipe,STP,Tasa de incidencia de la pobreza. sobre la base de $1.90 por día (2011 PPA) (% de la población),SI.POV.DDAY,,,,,,,,,,,,,,,,,,,,,,,,,,,,,,,,,,,,,,,,,29.8,,,,,,,,,,32.3,,,,,,,
Suriname,SUR,Tasa de incidencia de la pobreza. sobre la base de $1.90 por día (2011 PPA) (% de la población),SI.POV.DDAY,,,,,,,,,,,,,,,,,,,,,,,,,,,,,,,,,,,,,,,,23.4,,,,,,,,,,,,,,,,,,
República Eslovaca,SVK,Tasa de incidencia de la pobreza. sobre la base de $1.90 por día (2011 PPA) (% de la población),SI.POV.DDAY,,,,,,,,,,,,,,,,,,,,,,,,,,,,,,,,,,,,,0.5,,,,,,,,0,0.2,0.2,0.2,0.5,0.4,0.5,0.5,0.2,0.2,0.7,0.7,,
Eslovenia,SVN,Tasa de incidencia de la pobreza. sobre la base de $1.90 por día (2011 PPA) (% de la población),SI.POV.DDAY,,,,,,,,,,,,,,,,,,,,,,,,,,,,,,,,,,0,,,,,,,,,,,0,0,0,0,0,0,0,0,0,0,0,0,,
Suecia,SWE,Tasa de incidencia de la pobreza. sobre la base de $1.90 por día (2011 PPA) (% de la población),SI.POV.DDAY,,,,,,,,,,,,,,,,,,,,,,,,,,,,,,,,,,,,,,,,,,,,0.2,0.5,0.9,0.2,0.5,0.5,0.5,0.5,0.5,0.5,0.7,0.5,0.5,,
Eswatini,SWZ,Tasa de incidencia de la pobreza. sobre la base de $1.90 por día (2011 PPA) (% de la población),SI.POV.DDAY,,,,,,,,,,,,,,,,,,,,,,,,,,,,,,,,,,,81.7,,,,,,48.4,,,,,,,,,42,,,,,,,,
Sint Maarten (Dutch part),SXM,Tasa de incidencia de la pobreza. sobre la base de $1.90 por día (2011 PPA) (% de la población),SI.POV.DDAY,,,,,,,,,,,,,,,,,,,,,,,,,,,,,,,,,,,,,,,,,,,,,,,,,,,,,,,,,,
Seychelles,SYC,Tasa de incidencia de la pobreza. sobre la base de $1.90 por día (2011 PPA) (% de la población),SI.POV.DDAY,,,,,,,,,,,,,,,,,,,,,,,,,,,,,,,,,,,,,,,,,,,,,,,,,,,,,,1.1,,,,
República Árabe Siria,SYR,Tasa de incidencia de la pobreza. sobre la base de $1.90 por día (2011 PPA) (% de la población),SI.POV.DDAY,,,,,,,,,,,,,,,,,,,,,,,,,,,,,,,,,,,,,,,,,,,,,1.7,,,,,,,,,,,,,
Islas Turcas y Caicos,TCA,Tasa de incidencia de la pobreza. sobre la base de $1.90 por día (2011 PPA) (% de la población),SI.POV.DDAY,,,,,,,,,,,,,,,,,,,,,,,,,,,,,,,,,,,,,,,,,,,,,,,,,,,,,,,,,,
Chad,TCD,Tasa de incidencia de la pobreza. sobre la base de $1.90 por día (2011 PPA) (% de la población),SI.POV.DDAY,,,,,,,,,,,,,,,,,,,,,,,,,,,,,,,,,,,,,,,,,,,,62.9,,,,,,,,38.4,,,,,,
Asia oriental y el Pacífico (BIRF y la AIF),TEA,Tasa de incidencia de la pobreza. sobre la base de $1.90 por día (2011 PPA) (% de la población),SI.POV.DDAY,,,,,,,,,,,,,,,,,,,,,,,,,,,,,,,,,,,,,,,,,,,,,,,,,,,,,,,,,,
Europa y Asia central (BIRF y la AIF),TEC,Tasa de incidencia de la pobreza. sobre la base de $1.90 por día (2011 PPA) (% de la población),SI.POV.DDAY,,,,,,,,,,,,,,,,,,,,,,,,,,,,,,,,,,,,,,,,,,,,,,,,,,,,,,,,,,
Togo,TGO,Tasa de incidencia de la pobreza. sobre la base de $1.90 por día (2011 PPA) (% de la población),SI.POV.DDAY,,,,,,,,,,,,,,,,,,,,,,,,,,,,,,,,,,,,,,,,,,,,,,,55.6,,,,,54.2,,,,49.2,,
Tailandia,THA,Tasa de incidencia de la pobreza. sobre la base de $1.90 por día (2011 PPA) (% de la población),SI.POV.DDAY,,,,,,,,,,,,,,,,,,,,,,19.6,,,,,,,14.3,,9.4,,6.6,,3.2,,2.2,,1.5,2.5,2.5,,1.1,,0.8,,0.7,0.3,0.1,0.2,0.1,0,0.1,0,0,0,,
Tayikistán,TJK,Tasa de incidencia de la pobreza. sobre la base de $1.90 por día (2011 PPA) (% de la población),SI.POV.DDAY,,,,,,,,,,,,,,,,,,,,,,,,,,,,,,,,,,,,,,,,54.4,,,,30.8,15.4,,,10.4,,4.7,,,,,,4.8,,
Turkmenistán,TKM,Tasa de incidencia de la pobreza. sobre la base de $1.90 por día (2011 PPA) (% de la población),SI.POV.DDAY,,,,,,,,,,,,,,,,,,,,,,,,,,,,,,,,,,,,,,,51.4,,,,,,,,,,,,,,,,,,,
América Latina y el Caribe (BIRF y la AIF),TLA,Tasa de incidencia de la pobreza. sobre la base de $1.90 por día (2011 PPA) (% de la población),SI.POV.DDAY,,,,,,,,,,,,,,,,,,,,,,,,,,,,,,,,,,,,,,,,,,,,,,,,,,,,,,,,,,
Timor-Leste,TLS,Tasa de incidencia de la pobreza. sobre la base de $1.90 por día (2011 PPA) (% de la población),SI.POV.DDAY,,,,,,,,,,,,,,,,,,,,,,,,,,,,,,,,,,,,,,,,,,46,,,,,,47,,,,,,,30.3,,,
Oriente Medio y Norte de África (BIRF y la AIF),TMN,Tasa de incidencia de la pobreza. sobre la base de $1.90 por día (2011 PPA) (% de la población),SI.POV.DDAY,,,,,,,,,,,,,,,,,,,,,,,,,,,,,,,,,,,,,,,,,,,,,,,,,,,,,,,,,,
Tonga,TON,Tasa de incidencia de la pobreza. sobre la base de $1.90 por día (2011 PPA) (% de la población),SI.POV.DDAY,,,,,,,,,,,,,,,,,,,,,,,,,,,,,,,,,,,,,,,,,,2.8,,,,,,,,1.1,,,,,,,,
Asia meridional (BIRF y la AIF),TSA,Tasa de incidencia de la pobreza. sobre la base de $1.90 por día (2011 PPA) (% de la población),SI.POV.DDAY,,,,,,,,,,,,,,,,,,,,,,,,,,,,,,,,,,,,,,,,,,,,,,,,,,,,,,,,,,
África al sur del Sahara (BIRF y la AIF),TSS,Tasa de incidencia de la pobreza. sobre la base de $1.90 por día (2011 PPA) (% de la población),SI.POV.DDAY,,,,,,,,,,,,,,,,,,,,,,,,,,,,,,,,,,,,,,,,,,,,,,,,,,,,,,,,,,
Trinidad y Tobago,TTO,Tasa de incidencia de la pobreza. sobre la base de $1.90 por día (2011 PPA) (% de la población),SI.POV.DDAY,,,,,,,,,,,,,,,,,,,,,,,,,,,,,0.7,,,,3.4,,,,,,,,,,,,,,,,,,,,,,,,,
Túnez,TUN,Tasa de incidencia de la pobreza. sobre la base de $1.90 por día (2011 PPA) (% de la población),SI.POV.DDAY,,,,,,,,,,,,,,,,,,,,,,,,,,13.9,,,,,9.8,,,,,10.9,,,,,5.3,,,,,3.1,,,,,2,,,,,,,
Turquía,TUR,Tasa de incidencia de la pobreza. sobre la base de $1.90 por día (2011 PPA) (% de la población),SI.POV.DDAY,,,,,,,,,,,,,,,,,,,,,,,,,,,,1.7,,,,,,,2.6,,,,,,,,1.7,3.7,2.1,2.6,1.9,1.4,0.6,0.9,0.8,0.3,0.3,0.3,0.3,0.3,0.2,
Tuvalu,TUV,Tasa de incidencia de la pobreza. sobre la base de $1.90 por día (2011 PPA) (% de la población),SI.POV.DDAY,,,,,,,,,,,,,,,,,,,,,,,,,,,,,,,,,,,,,,,,,,,,,,,,,,,3.3,,,,,,,
Tanzanía,TZA,Tasa de incidencia de la pobreza. sobre la base de $1.90 por día (2011 PPA) (% de la población),SI.POV.DDAY,,,,,,,,,,,,,,,,,,,,,,,,,,,,,,,,72.1,,,,,,,,,86,,,,,,,59.9,,,,49.1,,,,,,
Uganda,UGA,Tasa de incidencia de la pobreza. sobre la base de $1.90 por día (2011 PPA) (% de la población),SI.POV.DDAY,,,,,,,,,,,,,,,,,,,,,,,,,,,,,,56.8,,,62.9,,,,61.3,,,66,,,64.1,,,55.4,,,,43.5,,,35.9,,,,41.6,
Ucrania,UKR,Tasa de incidencia de la pobreza. sobre la base de $1.90 por día (2011 PPA) (% de la población),SI.POV.DDAY,,,,,,,,,,,,,,,,,,,,,,,,,,,,,,,,,3,1.3,,5.4,5.4,,,,,,1.7,0.6,0.6,0.3,0.1,0.1,0,0.1,0,0,0,0,0,0.1,0.1,
Ingreso mediano alto,UMC,Tasa de incidencia de la pobreza. sobre la base de $1.90 por día (2011 PPA) (% de la población),SI.POV.DDAY,,,,,,,,,,,,,,,,,,,,,,55.5,,,47.9,,,38.6,,,41.8,,,36.5,,,28,,,26.9,,,21.1,,,13.1,,,9.9,,7.8,5.8,4.9,2.4,,1.7,,
Uruguay,URY,Tasa de incidencia de la pobreza. sobre la base de $1.90 por día (2011 PPA) (% de la población),SI.POV.DDAY,,,,,,,,,,,,,,,,,,,,,,0,,,,,,,,0.6,,,,,,,,,,,,,,,,,0.5,0.3,0.2,0.2,0.1,0.1,0.1,0.2,0.1,0.1,0.1,
Estados Unidos,USA,Tasa de incidencia de la pobreza. sobre la base de $1.90 por día (2011 PPA) (% de la población),SI.POV.DDAY,,,,,,,,,,,,,,,,,,,,0.5,,,,,,,0.5,,,,,0.5,,,0.7,,,0.7,,,0.7,,,,1,,,1,,,1,,,1,,,1.2,
Uzbekistán,UZB,Tasa de incidencia de la pobreza. sobre la base de $1.90 por día (2011 PPA) (% de la población),SI.POV.DDAY,,,,,,,,,,,,,,,,,,,,,,,,,,,,,,,,,,,,,,,40.2,,62,,58.2,62.1,,,,,,,,,,,,,,
San Vicente y las Granadinas,VCT,Tasa de incidencia de la pobreza. sobre la base de $1.90 por día (2011 PPA) (% de la población),SI.POV.DDAY,,,,,,,,,,,,,,,,,,,,,,,,,,,,,,,,,,,,,,,,,,,,,,,,,,,,,,,,,,
Venezuela,VEN,Tasa de incidencia de la pobreza. sobre la base de $1.90 por día (2011 PPA) (% de la población),SI.POV.DDAY,,,,,,,,,,,,,,,,,,,,,,5.8,,,,,,6.1,,7.4,,,4.8,,,10.4,,,12.8,12,,11,18.2,22.7,19.8,18.9,10.2,,,,,,,,,,,
Islas Vírgenes Británicas,VGB,Tasa de incidencia de la pobreza. sobre la base de $1.90 por día (2011 PPA) (% de la población),SI.POV.DDAY,,,,,,,,,,,,,,,,,,,,,,,,,,,,,,,,,,,,,,,,,,,,,,,,,,,,,,,,,,
Islas Vírgenes (EE.UU.),VIR,Tasa de incidencia de la pobreza. sobre la base de $1.90 por día (2011 PPA) (% de la población),SI.POV.DDAY,,,,,,,,,,,,,,,,,,,,,,,,,,,,,,,,,,,,,,,,,,,,,,,,,,,,,,,,,,
Viet Nam,VNM,Tasa de incidencia de la pobreza. sobre la base de $1.90 por día (2011 PPA) (% de la población),SI.POV.DDAY,,,,,,,,,,,,,,,,,,,,,,,,,,,,,,,,,52.9,,,,,,35.5,,,,38,,26.5,,19.5,,14.8,,4.2,,2.8,,2.6,,2,
Vanuatu,VUT,Tasa de incidencia de la pobreza. sobre la base de $1.90 por día (2011 PPA) (% de la población),SI.POV.DDAY,,,,,,,,,,,,,,,,,,,,,,,,,,,,,,,,,,,,,,,,,,,,,,,,,,,13.2,,,,,,,
Mundo,WLD,Tasa de incidencia de la pobreza. sobre la base de $1.90 por día (2011 PPA) (% de la población),SI.POV.DDAY,,,,,,,,,,,,,,,,,,,,,,42.2,,,39.2,,,35.4,,,35.9,,,33.9,,,29.4,,,28.6,,,25.6,,,20.7,,,18.1,,15.7,13.7,12.8,11.2,,10,,
Samoa,WSM,Tasa de incidencia de la pobreza. sobre la base de $1.90 por día (2011 PPA) (% de la población),SI.POV.DDAY,,,,,,,,,,,,,,,,,,,,,,,,,,,,,,,,,,,,,,,,,,,,,,,,,0.6,,,,,,,,,
Kosovo,XKX,Tasa de incidencia de la pobreza. sobre la base de $1.90 por día (2011 PPA) (% de la población),SI.POV.DDAY,,,,,,,,,,,,,,,,,,,,,,,,,,,,,,,,,,,,,,,,,,,,1.7,,3,3.2,,,2.7,2.2,1.4,0.5,0.3,0.7,0.4,0.6,
Yemen. Rep. del,YEM,Tasa de incidencia de la pobreza. sobre la base de $1.90 por día (2011 PPA) (% de la población),SI.POV.DDAY,,,,,,,,,,,,,,,,,,,,,,,,,,,,,,,,,,,,,,,7.4,,,,,,,9.8,,,,,,,,,18.8,,,
Sudáfrica,ZAF,Tasa de incidencia de la pobreza. sobre la base de $1.90 por día (2011 PPA) (% de la población),SI.POV.DDAY,,,,,,,,,,,,,,,,,,,,,,,,,,,,,,,,,,29.3,,,33.8,,,,32.6,,,,,25,,,16.9,,16.5,,,,18.9,,,
Zambia,ZMB,Tasa de incidencia de la pobreza. sobre la base de $1.90 por día (2011 PPA) (% de la población),SI.POV.DDAY,,,,,,,,,,,,,,,,,,,,,,,,,,,,,,,,54.1,,54.5,,,41.7,,42.1,,,,49.4,,56.7,,60.5,,,,64.4,,,,,57.5,,
Zimbabwe,ZWE,Tasa de incidencia de la pobreza. sobre la base de $1.90 por día (2011 PPA) (% de la población),SI.POV.DDAY,,,,,,,,,,,,,,,,,,,,,,,,,,,,,,,,,,,,,,,,,,,,,,,,,,,,21.4,,,,,,
